source1_entity_id	candidate_entity_ids
S1-714132312	S3-625880872
S1-106407869	S2-705547832,S3-585937637
S1-156285671	S2-172049742,S2-793802025,S2-591130136,S2-631516219,S3-762835469,S3-516625443,S3-322638202
S1-689823050	
S1-921369899	S2-808920974,S2-107533354,S3-285097097,S3-779830725
S1-481669221	
S1-909865979	S2-528901108
S1-280204013	
S1-742053041	S2-73207920,S2-315673501,S2-317425677,S3-415482884
S1-913506265	S2-377106401,S3-258414643
S1-479574617	S2-262582939,S2-985539429
S1-680637447	S2-876151147,S3-261988229
S1-870190130	
S1-365170694	S2-487943573,S3-487843250
S1-778640743	S2-87750197,S3-698916948
S1-378191895	S3-473350829
S1-684974736	S3-668113792,S3-894822385
S1-750279127	
S1-209281220	S2-873605695
S1-550154910	S2-43467331
S1-897975128	
S1-704604312	S3-7278253
S1-628750886	S2-696378102,S2-406813553,S3-734992856
S1-714038427	S2-9389075,S3-556092751,S3-343322433
S1-426194890	S2-189578510,S2-12575838,S3-931551781
S1-122385784	S2-396702445,S3-332768247,S3-821803480
S1-540642140	
S1-123475953	S2-803364981,S2-737576051,S2-598519962,S2-417838236,S2-111933971,S3-669730032,S3-577626649
S1-444801830	S3-8714040,S3-701255667
S1-502376041	S2-551281247,S2-408714071
S1-594021398	S3-686916460,S3-133279691
S1-261170522	S2-470996829
S1-466641145	
S1-99245709	S3-332530974,S3-539394332
S1-339015166	S2-262721816,S2-15078231
S1-614259237	S2-852216067,S3-625725294
S1-385801270	
S1-334672926	S2-947681751,S2-440961035,S3-947666892
S1-717749279	S2-930893664,S2-360013811,S2-338792559,S2-706286517,S2-823627593,S2-768360552,S2-51053506,S2-671169152,S2-278440246,S2-266731867,S2-647791944,S2-495758800,S2-28908401,S3-719421752,S3-7241692,S3-43145310,S3-40196306,S3-423648914,S3-100875730,S3-971007681,S3-254832284,S3-636213355,S3-321293349,S3-940540868,S3-188429503,S3-995678843,S3-668031042,S3-226962184,S3-206088667,S3-70000133,S3-527259557
S1-564662660	S2-989459301
S1-41643447	S3-54250287
S1-581360597	S3-140202709
S1-946184931	
S1-244940399	S2-874696367,S2-924786866,S2-212658896,S2-747246542
S1-616465752	S3-743384209
S1-762904067	
S1-261476747	S2-300243886,S3-255859609
S1-874436225	S2-88797606,S3-640361660
S1-816918307	S2-627029064
S1-52153457	S2-458219105,S3-239002461
S1-867332501	
S1-969300060	S3-986110458
S1-930501805	S2-440187663,S3-391330203
S1-474452362	
S1-802731895	S2-940583206
S1-39733947	S2-580478795,S3-174633683,S3-488644516,S3-620721706
S1-807424751	S3-895659237
S1-269499779	S3-317413229
S1-574528784	S3-658303321
S1-402621048	S2-886456768,S3-385241558,S3-179646175,S3-155255406,S3-982514998
S1-684202485	
S1-85238196	S3-788905252,S3-84005391
S1-569369299	S2-342223686,S2-510704576,S2-138548353,S2-862521399,S3-590336083
S1-559615219	S3-193675911,S3-350612510,S3-974804834
S1-684318101	S2-91952824,S2-153662054,S2-589772735,S3-376522910,S3-726929296,S3-118918213,S3-394804953
S1-503487168	S2-395132657,S3-289438246
S1-967139755	S2-864017360,S2-514552799,S2-797128626,S2-216102849,S3-404840337,S3-570238412
S1-983819279	S3-381086524,S3-894193993
S1-577269922	S2-800580498,S2-81075825,S2-505047958,S3-39683702
S1-87832748	S3-431394326
S1-295346696	S2-377674830,S2-621745304,S3-718205612,S3-281922741,S3-301426122
S1-252468250	S2-860072446,S2-252482120,S3-240265116
S1-781801397	S2-503602736,S3-161766887
S1-669434847	S2-82988694,S2-181679408,S2-574183093,S3-752438925
S1-570053103	S3-48785381
S1-736469556	
S1-483126440	S3-348709689
S1-270951405	S3-53861675
S1-520799361	S2-493422360,S2-639128120
S1-81033582	S2-625290267
S1-56410032	S2-649252464
S1-518847572	S2-211488825
S1-776267063	
S1-35309228	S3-233063199
S1-493139457	S2-586055455
S1-895087526	S2-152220795,S2-256367139,S2-129240365,S3-959979735
S1-829126727	S2-441546398,S3-481336163
S1-457973373	S2-155002316
S1-74852342	S2-724758025,S3-475409226
S1-280936763	S2-700631541,S2-429502844
S1-999165514	S2-41721541
S1-395055615	S3-242263311
S1-862701045	S3-704009840
S1-674871004	S2-245011210,S2-985042228,S2-635996722
S1-287307821	S2-313277116,S2-353096373,S3-945922624,S3-574219117
S1-273768056	S2-82906936,S2-763322790,S3-690125736
S1-323395452	S2-76783549,S3-452385707
S1-4144001	S2-410379959,S2-98210788,S3-439654644
S1-512210875	S3-998257097
S1-143287441	
S1-351656683	S2-421465259,S2-835954210,S3-833698271,S3-325376921
S1-83258310	S2-97347354
S1-126274111	S2-775330636,S2-581900957,S2-609699297,S3-291143354,S3-789318535
S1-991875825	S2-415643653
S1-219350089	S3-563263870
S1-476026008	S3-766205454
S1-595583207	S2-715871670,S2-705215197,S3-33119337
S1-660977005	S2-335025186,S3-491142508
S1-106130112	S2-398931954
S1-383508132	S2-44875347
S1-960747316	
S1-78181547	S2-134528119,S3-110130385,S3-166469939
S1-44674670	S2-962874009
S1-712639027	S3-304334739
S1-875777939	
S1-906720062	S2-335215418,S2-361780268,S2-135034633,S3-953027677
S1-868609391	S2-716995163,S2-409220416,S2-587030502
S1-842551642	
S1-977549219	
S1-345501851	S3-526884354
S1-465557953	S2-38518589,S2-637035013,S2-943805485,S2-380337490,S3-972494986,S3-412396274
S1-548433616	S2-615586385,S3-11519900
S1-542615632	S2-301346747,S3-31043964
S1-396150929	S3-298471532
S1-370806262	S2-311209566,S2-350775005,S3-628962677
S1-149784022	S3-452287724,S3-901930152,S3-970241343
S1-208197675	S2-549510019,S2-322460084,S2-803059532,S2-191467698,S2-165652482,S3-969600515,S3-19830337,S3-212534382,S3-580005185
S1-621024	S2-952214786,S3-106912523
S1-479716586	
S1-73366741	
S1-866981273	S2-904325839,S3-99688527
S1-48247433	S2-276436283,S2-129111470,S3-560009120,S3-798457636
S1-139090022	S2-582748273
S1-503254241	S2-466631483,S3-354938903,S3-180251995
S1-102847291	S2-703638062,S2-761067772,S2-497160683,S3-889205528,S3-896918489,S3-719200435
S1-619110488	S2-828300188,S2-898202676,S2-698240629
S1-623031914	S3-718272348
S1-215270294	S3-732036088
S1-762005078	S2-750793699,S3-582060418
S1-983603694	S3-304223423,S3-132171316,S3-236864027
S1-437281614	
S1-590781135	S2-708944814,S2-388074335
S1-423414451	S2-157115001,S2-671513240
S1-847114478	S3-469034058
S1-526334226	S2-407589959,S3-5213817,S3-477707800
S1-381894503	S2-104016432,S3-484890428
S1-313092170	
S1-60876864	S2-520939677,S2-330082879,S2-168187716,S3-360159724
S1-261642209	S2-964573270
S1-78728267	S3-768860985
S1-308199161	S2-374903438,S2-989600045,S2-226071564
S1-358927120	S2-183308021,S2-278205236,S3-96746280,S3-147802052
S1-337122273	
S1-650650055	S2-394372248,S2-454312855,S3-539777331,S3-644215342
S1-834257002	S2-497520865,S2-329632828,S2-532696465,S3-677107608
S1-937349180	S2-336491925
S1-725006887	S2-27864753
S1-820730560	S2-844921308,S3-156443522
S1-47803313	S2-484711393,S2-174159267,S3-403085969
S1-385569722	S2-595801949
S1-453884385	S3-302762790
S1-650304466	S2-142780721
S1-762839052	
S1-550679918	S2-804398499,S3-527645230,S3-510734001
S1-659666950	S2-96682258,S2-530317566,S2-241318354,S3-709199121,S3-960931098,S3-532821531,S3-536576711
S1-772914073	S2-828917937,S2-643643868
S1-860482342	S2-744683107
S1-813052697	S3-266163638,S3-661402735
S1-366528589	S3-239459493,S3-269373616
S1-720336913	S2-475160887,S2-264383023
S1-640880009	S2-144777712,S2-998993156,S3-858851080
S1-887500171	S2-70127952,S3-744522102
S1-971996731	
S1-104317115	
S1-518257638	S2-668119756,S3-473668087
S1-884660527	S3-38490669,S3-763465822,S3-32149338
S1-910004085	S2-864335198,S2-469704582,S2-210964413
S1-591894902	S2-614338178,S3-326540337
S1-142638295	S2-237661324,S2-461729876
S1-950720921	S2-523443947,S2-781635311,S3-350913233
S1-183285524	
S1-714649207	
S1-841168517	S2-881658089
S1-819898451	S2-931592802,S3-590916733,S3-826899359
S1-949091955	S2-398889556
S1-552966879	
S1-220057580	S2-964696089,S2-721485523
S1-64462728	S2-96025297,S2-958356631,S2-88332881
S1-807938084	
S1-693870315	S2-670566101,S2-11422611,S2-666965822,S2-512298378,S2-397036775,S2-811518815,S2-683887340,S2-429779708,S2-599121530,S2-757095842,S2-580434919,S2-837136038,S2-131287784,S2-791083824,S2-474206816,S2-498437171,S2-41610764,S2-297038311,S2-305770892,S2-726140805,S2-308391727,S2-130674511,S3-948825823,S3-847771888,S3-382784231,S3-612390639,S3-510617470,S3-630866408,S3-20209143,S3-940727215,S3-409102443,S3-943619151,S3-570424127,S3-990151904,S3-756065087,S3-838314849
S1-455827432	S2-842534456
S1-527611593	S2-446688351,S2-606037572,S2-231046783,S2-21640846,S2-575646268,S3-179252750,S3-416609201,S3-966502147
S1-727773972	S2-564911900
S1-279446676	S2-308980044,S2-75992472,S3-879007585,S3-372749941
S1-918109974	S2-177946209,S3-288692994,S3-622084470,S3-604968655,S3-579849100
S1-615018738	
S1-666592077	S2-199531243,S2-871213880
S1-509532493	S2-575171623,S2-1709893,S3-138608272,S3-667383027
S1-992285010	S2-209420378,S3-823215288,S3-216741187
S1-382076507	S2-98770559,S3-744712419
S1-185535466	S2-182364885,S2-381918299,S2-917768056,S2-594442479,S3-729323999,S3-993799620,S3-284125164
S1-799535694	S2-533198227,S2-727605960,S3-453479191,S3-120702021
S1-598558953	S2-932444510
S1-222645796	S2-73658068,S3-561990506,S3-630677920
S1-192481319	S2-673419052,S2-285894684,S2-865639122,S2-939401759,S2-754317110,S2-509426989,S2-464008863,S2-149872764,S2-868330322,S2-297195376,S2-193450318,S2-110446355,S2-551507366,S2-406593541,S2-809497845,S2-65857654,S2-107184363,S2-736288321,S2-573680965,S2-342978809,S2-729881218,S2-394271712,S2-464930581,S2-203229199,S2-839744278,S2-272354730,S2-521492261,S2-869298705,S2-437205823,S2-552199650,S2-796324326,S2-896666475,S2-755714934,S2-807348013,S2-921653380,S2-807239171,S2-990754920,S2-364684364,S2-969358824,S2-375941776,S2-255407725,S2-54184577,S2-430250949,S2-235832619,S2-545330094,S2-664458101,S2-574482307,S2-909582603,S2-305709788,S2-918062098,S2-16958251,S2-165732353,S2-836910123,S2-66850301,S2-959031217,S2-143273914,S2-460726804,S2-116473802,S2-482883431,S2-192238060,S2-903740159,S2-392110468,S2-866851173,S2-696102166,S2-180257266,S2-594317876,S2-138883897,S2-871524719,S2-51198245,S2-773095110,S2-924782766,S2-238450240,S2-38338336,S2-450672840,S2-285029692,S2-647499470,S2-594256320,S2-454841812,S2-793763307,S2-177873666,S2-462010407,S2-222794827,S2-441521794,S2-421415952,S2-456018407,S2-655956858,S2-332641450,S2-709787132,S2-198641466,S2-880318997,S2-287179892,S2-78073184,S2-112044678,S2-803119178,S2-178729862,S2-88119494,S2-72988790,S2-925569603,S2-297321963,S2-509213886,S2-153616293,S2-869217354,S2-213819141,S2-173565484,S2-917563357,S2-931557496,S2-112000805,S2-992363852,S2-759010835,S2-185387934,S2-517215499,S2-24151423,S2-984417879,S2-278842390,S2-217177031,S2-25681205,S2-124467627,S2-741870543,S2-131566908,S2-481768375,S2-396357205,S2-145718219,S2-515443514,S2-985504969,S2-189393349,S2-593976087,S2-198533304,S2-389909831,S2-341189484,S2-858747790,S2-241703151,S2-882600485,S2-260436312,S2-500070840,S2-683034497,S2-829859781,S2-580230005,S2-708447206,S2-757048248,S2-23644854,S2-462788236,S2-251769970,S2-396544232,S2-967386896,S2-976033036,S2-812930442,S2-138118411,S2-927897130,S2-544820334,S2-857485299,S2-61150784,S2-637762719,S2-729929083,S2-828193040,S2-512816584,S2-314139121,S2-181456028,S2-426058045,S2-184515282,S2-907799882,S2-658468287,S2-938185286,S2-138320182,S2-47864962,S2-672056965,S2-274982118,S2-759215411,S2-571354571,S2-426286202,S2-859660403,S2-49154321,S2-295991680,S2-723180406,S2-576305326,S2-246256496,S2-362317420,S2-262439478,S2-126537741,S2-202149231,S2-427632271,S2-241394493,S2-576642836,S2-679846795,S2-560265573,S2-344136497,S2-70308286,S2-967668651,S2-64309597,S2-422943480,S2-855472474,S2-41394021,S2-96045433,S2-695563717,S2-522435393,S2-860265915,S2-53752775,S2-996950084,S2-990911478,S2-822639671,S2-716709700,S2-737082818,S2-637155747,S2-442691019,S2-490483973,S2-349175282,S2-972500406,S2-468635752,S2-157414887,S2-249303564,S2-200123870,S2-835764990,S2-444471366,S2-185559676,S2-258332670,S2-289428847,S2-49184561,S2-441381154,S2-354229954,S2-305695094,S2-837193066,S2-345273498,S2-723139004,S2-186258425,S2-314103119,S2-259049031,S2-542930361,S2-49816754,S2-337689694,S2-312531540,S2-440450218,S2-66513465,S2-38264438,S2-38683099,S2-366428661,S2-797256836,S2-640993233,S2-690904229,S2-964906050,S2-470078397,S2-247957334,S2-953820064,S2-29770036,S2-166780513,S2-450828678,S2-941364840,S2-492488796,S2-701856088,S2-916107845,S2-97282301,S2-27162457,S2-269174235,S2-838784994,S2-955930562,S2-14650078,S2-470533770,S2-214493989,S2-963827731,S2-560885770,S2-624184494,S2-154288905,S2-576833563,S2-800967929,S2-875723879,S2-660580697,S2-900346004,S2-816122440,S2-799944456,S2-781987535,S2-614160323,S2-96813052,S2-326421827,S2-405953694,S2-13390416,S2-468190403,S2-969778472,S2-895485195,S2-524730373,S2-148136194,S3-893818826,S3-54950780,S3-411652215,S3-235171242,S3-425593898,S3-471929576,S3-506487151,S3-999677890,S3-246728206,S3-33276880,S3-405206514,S3-222178939,S3-639556842,S3-513850033,S3-100165866,S3-885667175,S3-885050390,S3-43824888,S3-714986911,S3-133762505,S3-978066001,S3-89145063,S3-398381310,S3-198930968,S3-644503627,S3-455454258,S3-494062393,S3-74649938,S3-847847523,S3-139595434,S3-489535717,S3-168650807,S3-646258325,S3-796121174,S3-325561194,S3-67451199,S3-207658372,S3-893855972,S3-895562587,S3-110653484,S3-977845819,S3-947178927,S3-764460303,S3-906037034,S3-955591824,S3-399868599,S3-578104571,S3-440330256,S3-855097211,S3-390754210,S3-650211816,S3-909967486,S3-178433619,S3-487264949,S3-425756595,S3-353047621,S3-548275883,S3-966473620,S3-659279468,S3-980088676,S3-16209039,S3-274464334,S3-908913664,S3-155441756,S3-430146376,S3-603888222,S3-393163050,S3-130408077,S3-302993598,S3-930308685,S3-319953804,S3-268576814,S3-818178560,S3-523196386,S3-635913305,S3-620884874,S3-665902570,S3-824985923,S3-514862267,S3-758913266,S3-886840980,S3-328512509,S3-374113803,S3-273830593,S3-207514355,S3-473840097,S3-913742936,S3-375717986,S3-231485716,S3-23915995,S3-958151120,S3-973656643,S3-340848583,S3-697026716,S3-618033097,S3-755668977,S3-145242476,S3-204042848,S3-712394989,S3-788393697,S3-347551479,S3-743472752,S3-208590823,S3-234974476,S3-622160278,S3-541132316,S3-63749935,S3-59481843,S3-950235533,S3-30359411,S3-739362004,S3-583145922,S3-866343890,S3-957468307,S3-372994676,S3-275366444,S3-263342817,S3-379997332,S3-20900965,S3-851605630,S3-525560521,S3-895506131,S3-522093317,S3-346082953,S3-386678857,S3-967982890,S3-454124837,S3-278511308,S3-129587544,S3-175209646,S3-738621106,S3-436498702,S3-134733949,S3-644267754,S3-825646916,S3-435501341,S3-728231252,S3-93019808,S3-586731056,S3-202024054,S3-145698408,S3-878821829,S3-565407689,S3-531499584,S3-671386184,S3-669683719,S3-800049402,S3-210828278,S3-451480479,S3-52842648,S3-363260664,S3-209920053,S3-925021355,S3-261096919,S3-337744022,S3-284515550,S3-619757347,S3-193887298,S3-244785133,S3-58951710,S3-81939827,S3-403429612,S3-572805185,S3-12275581,S3-596869025,S3-895108471,S3-667995890,S3-192672478,S3-577809722,S3-61716114,S3-965030133,S3-770143946,S3-340683938,S3-141601551,S3-265213173,S3-400526540,S3-489169176,S3-581961054,S3-329466103,S3-731968328,S3-505507803,S3-258872210,S3-165670226,S3-921838672,S3-520710062,S3-186180427,S3-109136662,S3-544203120,S3-227718148,S3-559553775,S3-751176636,S3-940470859,S3-52931328,S3-566020718,S3-349088417,S3-941513746,S3-113740525,S3-62900966,S3-258937761,S3-355168438,S3-232748763
S1-413573159	S3-950581093,S3-114162357
S1-782634160	S2-958316746,S3-988838457
S1-394334841	S2-838259380
S1-759762834	
S1-653070765	S3-581396784
S1-94096071	S2-403208998,S3-517316373,S3-5072979
S1-682391735	S2-526071240
S1-559968662	S2-805714849
S1-964877324	S2-831798734,S2-524118055,S2-265576935,S2-395806777,S3-9720805
S1-883416047	
S1-182458975	S2-988827186,S2-208886077,S2-526167007,S3-671266959
S1-339269492	S3-901576514,S3-105839883
S1-621676240	S3-328434180
S1-103138354	S2-201768982,S2-970670539,S3-388231698
S1-279963953	S2-981120565,S2-74020336,S3-286285734
S1-317707487	
S1-391244573	S3-967973407,S3-23893439,S3-522723356
S1-603458137	S2-335932281,S3-240633224,S3-805929696,S3-165266489
S1-429550703	S2-661726688,S3-413542027,S3-34732145
S1-302219416	S2-877188898
S1-693956169	S2-27080238,S3-202856170
S1-837916944	S2-298100855
S1-336786786	
S1-800911534	S2-199446923,S2-460623120,S3-398248667,S3-736628485
S1-181883447	S3-289476561
S1-1433093	
S1-733472967	S2-98100733,S2-646220156
S1-89100953	S2-535682832,S2-780660598
S1-848293840	S3-270115458,S3-841358941,S3-495878303,S3-235310721
S1-17003766	S2-27173566,S2-979566966,S2-731519859,S2-388649316,S2-146697654,S2-703226990,S2-803237589,S2-127699424,S2-149727100,S2-12929867,S2-653673342,S2-323707191,S2-512777166,S2-101871950,S2-898435665,S2-17689221,S2-64360355,S3-745271591,S3-458766249,S3-297872373,S3-793382088,S3-525545134,S3-386853946,S3-211741312,S3-644746829,S3-831061178,S3-470923589,S3-330691000,S3-496523107,S3-866858968,S3-453631187,S3-603543727,S3-189183125,S3-161576650,S3-107432071,S3-18405257,S3-883709464,S3-39493580,S3-382455785,S3-282327000,S3-894363211,S3-766006956
S1-915512126	S2-519712884,S3-704943458
S1-901504091	S2-667819447,S3-383490660
S1-724741475	S2-155098931,S3-266723478
S1-851421910	S2-422709661,S3-994781915,S3-447099211
S1-430298053	S2-397242502,S3-141533889
S1-307277652	S2-546977368
S1-503010787	S3-539084269
S1-520627257	S2-644814953,S3-212241484
S1-667272642	S2-147559201,S2-32220294,S2-521990007,S2-604372673,S2-486558620,S2-752196674,S2-91368041,S2-139539927,S2-361863238,S2-6324234,S2-677071827,S2-668072631,S2-203524570,S2-802460319,S2-743314424,S3-207355049,S3-331663953,S3-409066668,S3-356085740,S3-941367935,S3-514615720,S3-368629523,S3-672649459,S3-625738747,S3-170318814,S3-351379040
S1-827961773	S2-614356206,S2-776909608,S2-913038624,S2-238651727,S3-146068680,S3-718818553,S3-733903990,S3-569870778,S3-190422956,S3-987101691,S3-634197243,S3-884133283,S3-884167979,S3-168580016,S3-230593795,S3-593116658,S3-974694386,S3-502342243,S3-646692076,S3-129395542,S3-239803953,S3-449101992,S3-666859234,S3-772262963,S3-509491510
S1-255349799	
S1-418524279	S3-19393151
S1-661144640	S2-88226320,S2-387772684
S1-892745196	S2-172985370,S2-555150947,S2-676306549,S3-530232127
S1-751409146	S3-762215187,S3-229628380
S1-13506955	S2-730414002,S2-182444364,S2-462737651,S3-359760971
S1-262020943	S3-68980950,S3-337711182
S1-746909581	S2-903332931,S2-262382697,S3-680428993
S1-481776787	
S1-870654726	S2-396413206,S2-641028708
S1-459183905	S2-642625113,S2-296685026,S2-940849,S3-216123505
S1-782456413	S2-171354758
S1-687813152	S2-608308924
S1-528962373	
S1-133484055	S2-211962563
S1-784673398	S3-72841455
S1-162954117	S2-835102949,S3-103056077
S1-547053441	S2-896342968,S2-791288454,S3-367265481
S1-302536542	S2-503398864,S3-142831455,S3-323575487
S1-457601305	S2-673136247,S2-521820814,S2-554110752,S3-357355808,S3-730458680
S1-488635826	S2-730208756
S1-349698918	S3-5371667
S1-72706873	
S1-78029452	
S1-717385838	S2-496751167,S3-552629774
S1-11379912	S2-635303118,S3-680233461
S1-655700316	S3-805064781,S3-773811662
S1-484349079	S3-640758795,S3-80095208,S3-601415960,S3-600765030
S1-595486290	S2-89801568,S2-986892630,S2-229398976,S2-964632227,S2-510748973,S3-887560487
S1-889012090	S2-620204661,S3-358512104
S1-748500004	S2-306723102,S2-165335827,S3-249608763
S1-587404171	S3-112184950
S1-986604838	S2-423356920,S3-86396304,S3-602859470,S3-948858105,S3-903634462
S1-766408899	S2-749107195,S2-698432089
S1-507163415	S2-222304285
S1-873761236	S2-599101735
S1-655802552	S2-661143069
S1-327983313	S2-359606381,S3-76562507,S3-465364917,S3-106384703
S1-77383698	S3-556176569
S1-273531258	S2-863533255,S2-113912359,S2-379460481,S2-494116428,S2-406678533,S3-982510707
S1-772535560	
S1-598136304	
S1-789788578	S2-724255369,S3-569995132,S3-785464918
S1-346777444	S2-896463322,S3-538156079
S1-544222533	S2-265295530,S2-334403681,S3-783019269
S1-493959729	S2-794833133,S2-708016399,S2-783248567,S3-10541719,S3-215804279,S3-773383671,S3-10104461,S3-808658923
S1-430462466	S2-964867476
S1-792204527	
S1-788563249	S2-805916277,S3-338713702
S1-198662647	S2-736672226,S2-264873064
S1-431137009	S2-615119950,S3-383791259,S3-149023804
S1-22335277	S3-888944724
S1-291584542	S2-879980902,S2-127105681,S2-572865748,S3-610749220
S1-556611862	
S1-32767080	S3-249785537,S3-553223448,S3-132323777
S1-242691036	S3-60416518
S1-770890247	
S1-276402071	S3-286516942
S1-936869465	S2-876971794,S2-211051743
S1-201994316	S2-629267940,S2-9398298
S1-905520099	
S1-766655509	
S1-415414688	S2-347319576,S2-685789977,S2-166314300,S2-239804731,S3-351215890
S1-133928599	S2-168720522
S1-871112769	S2-561370006,S2-851055500,S3-36920381
S1-948985690	S2-731053221,S3-435297936
S1-653149647	S2-771594640,S2-592481835,S2-106195670
S1-657251225	S2-911102732,S2-594468284,S3-709721988
S1-244474490	S2-850711259,S3-706227830
S1-857992844	S2-293613144,S3-996390266
S1-197043206	S3-404963448
S1-269094403	S3-579698598
S1-355078971	S2-967043770,S2-219605461,S3-259531664,S3-775158205,S3-823212755
S1-51627651	S2-768379176,S2-623838455,S3-986477165,S3-418649267
S1-288364156	S2-905286611,S2-650050523,S3-333229631
S1-500222888	S2-836598009,S2-302803808
S1-247274429	S2-262563610,S2-261223818
S1-260204874	S3-622057450
S1-511066423	S2-704315685,S3-446664079,S3-205265909,S3-792983264
S1-605505884	S2-67625921,S3-486634272
S1-882791035	S2-340167628
S1-868105169	S3-25927102,S3-58791393
S1-764707596	S3-152197289
S1-962993818	S3-88886836
S1-608940471	S3-294522941
S1-346760887	S2-390177264,S2-856893245
S1-597621907	S3-344602925
S1-36048451	S2-689848435,S2-798518207,S2-421365608,S3-589715619,S3-409940639
S1-98985291	S2-827963961,S2-547362371,S2-928475229,S2-919235967,S3-439507273,S3-695934970,S3-862946154
S1-368908513	
S1-504750404	S2-113784153,S2-626772509,S3-234941771,S3-645689528
S1-687138169	S3-802730094,S3-672052844
S1-576111952	S3-58767697,S3-668880039,S3-372012280,S3-177317998,S3-722309097
S1-907329636	S2-876889991,S2-539670103,S2-549615138,S2-494690085,S2-529514881,S2-780268114,S2-918705389,S2-458961697,S2-349847855,S2-675959938,S2-378146483,S2-452145121,S3-830404277,S3-285932507,S3-97473740,S3-18071366,S3-496532988,S3-970433216,S3-933877247,S3-400061489
S1-220372723	
S1-591377734	S2-287903578,S3-473420679
S1-915233460	S2-312521509,S3-916903152
S1-808794467	S2-28494204,S3-194019715
S1-119248132	S3-410239058,S3-870523767
S1-710758303	S2-653826806,S2-182494628,S2-77214336
S1-105001584	S2-272302541
S1-382212549	S2-950810866,S2-849525643
S1-35578091	
S1-34932143	
S1-545791724	S2-26841231,S2-129562883,S3-688615955,S3-590056871,S3-130367591
S1-869422569	S2-996492139,S3-327805350,S3-556846194
S1-844617434	
S1-488174268	S3-709307418,S3-53857032,S3-763522299
S1-963501196	S2-751531434
S1-531518308	S2-744729615,S3-992865752
S1-288588262	
S1-94665545	S2-160725961,S2-340210703,S3-523271833,S3-965227124
S1-460829054	S2-558097065,S2-460644550
S1-817207769	S2-151628700,S3-408502038
S1-923121813	S2-592059354,S2-714898189,S2-15589435,S3-18007389
S1-937797030	S2-273199115,S2-306365270,S3-219706758
S1-305324409	S2-538431328,S2-2568449
S1-927419156	S2-106810597,S2-284202834
S1-261393939	S3-378597581,S3-798716809,S3-934155210
S1-158003567	S3-824155443
S1-772204055	S2-54075828,S3-388664178
S1-901881022	S2-829201391,S2-262878370,S2-873204273,S2-563621915,S2-983693490,S2-821548254,S3-871063143,S3-1733013,S3-403014501,S3-535104526,S3-914998219,S3-442606336
S1-958709603	S2-770345966,S2-217787070
S1-864062904	S3-82346802,S3-985626280
S1-389115869	S3-440231971
S1-32131273	S3-37999841,S3-616094707
S1-485290093	S2-391470171,S2-634133006
S1-449015682	S3-401846060,S3-511453450
S1-273693856	S2-474719554
S1-216847975	S2-796939939
S1-942180728	S2-569178386
S1-704576365	S2-469463765,S3-672631699
S1-706359294	S2-226249663,S2-833115076,S3-83193807
S1-688852755	S2-96119259
S1-501963178	S2-246252867
S1-428039663	S2-299350771,S2-232069665
S1-394925431	S3-830009176,S3-828294643
S1-29387523	S3-715608655
S1-960221997	S2-446636983,S3-81339699,S3-282611314
S1-369896511	S2-503256370,S3-237385457
S1-973133967	S3-630872867,S3-856305612
S1-957109842	S2-786869610,S2-895104475
S1-718126154	S2-436844752
S1-657028371	S2-438843768,S2-552819796
S1-122221465	S2-245800188,S3-33409585
S1-241758739	S2-897389308,S2-569620637
S1-292853265	S2-301672154
S1-563412246	S2-80635030
S1-635915279	S3-262596726,S3-187227330
S1-257953143	
S1-935953663	S2-175441980,S2-856672460,S3-445850071
S1-66970748	
S1-613214928	S2-602193104
S1-68168779	S3-61291610
S1-181117450	S2-305180442,S3-839136802,S3-458100315,S3-331581607
S1-337798606	S2-578647913
S1-877808612	S2-723216419,S3-690283865
S1-991838189	S2-488865703,S2-511172751,S2-952495741,S3-424203812,S3-410619365
S1-415245659	S2-881342207,S3-270146427
S1-860794391	S2-737047278,S2-623800632,S3-47861323
S1-590126941	S2-826009647,S2-649078488,S2-316239802,S3-219891507
S1-852807313	S2-497467536
S1-643209618	S2-200618119,S2-876959001,S3-92487857,S3-642887610
S1-581863940	S2-717056224
S1-225821819	S2-35695150,S2-998779374,S2-186326935,S2-749618701,S2-901873653,S2-822970240,S2-560467012,S2-48094720,S2-762870692,S2-94115216,S2-28360743,S2-283233359,S2-248682891,S2-607597140,S2-200824137,S2-260004505,S2-79048222,S2-957513253,S2-919778680,S2-771572229,S2-499676952,S2-84788973,S2-80607877,S2-957469990,S2-826528236,S2-497069289,S2-248093600,S2-292677407,S2-457127941,S2-930725914,S2-22004121,S2-54316444,S2-923590534,S2-501390526,S2-374494346,S2-166698808,S2-730042964,S2-495518180,S2-116711627,S2-813213337,S2-119411230,S2-59648631,S2-877950558,S2-291349685,S2-698687817,S2-582600250,S2-107401672,S2-816723425,S2-552617314,S2-664989506,S2-600556148,S2-281454904,S2-782759602,S2-501337573,S2-998649746,S2-868546148,S2-194549849,S2-526422198,S2-271697456,S2-103406870,S2-682300124,S2-489854905,S2-396817729,S2-258744799,S2-439316818,S3-626166896,S3-793652356,S3-131385733,S3-959855893,S3-529627797,S3-938563129,S3-719986244,S3-244889444,S3-500278316,S3-191020977,S3-718374833,S3-285755497,S3-846312874,S3-157104007,S3-589701392,S3-55760460,S3-723141349,S3-162376352,S3-542154334,S3-182963116,S3-408274559,S3-606258341,S3-390418943,S3-573592264,S3-665871438,S3-671057641,S3-999592070,S3-76143766,S3-460876561,S3-357152432,S3-124428141,S3-748633384,S3-503508899,S3-203293368,S3-261240045,S3-463570639,S3-935198229,S3-824595435,S3-45616700,S3-903580403,S3-912986361,S3-418022879,S3-931643314,S3-754767992,S3-891753618,S3-601427380,S3-588617387,S3-928462468,S3-110204926,S3-328568929,S3-181421849,S3-18458958,S3-901087051,S3-378459692,S3-827001915,S3-889682120,S3-502477645
S1-778630887	S2-8956786,S2-379266111,S3-683393227,S3-103392578,S3-646770122
S1-377916068	S2-85544731,S2-157594268,S3-472459483,S3-705091741
S1-37907520	S2-644690671
S1-637166800	S3-672609678
S1-352595333	S2-836898663
S1-333194875	S2-172171876,S2-844884966,S3-363368257,S3-399657159,S3-872164839
S1-260721574	
S1-677484813	S3-913419135,S3-131960377
S1-568320501	S2-665104789,S2-484886496
S1-759995112	S2-832667915,S3-486246546,S3-67786041
S1-443768681	S2-337510589
S1-170472252	S3-79002940,S3-579813373,S3-356215358
S1-311511012	S2-874954820
S1-224275529	
S1-427329185	S3-669199922
S1-417606815	S3-184282188
S1-488457630	S3-495442608,S3-6434216
S1-818470647	
S1-534346740	S3-681092427,S3-784542617,S3-618165937
S1-729626041	S3-258471442,S3-544094736,S3-823193070
S1-204633959	S2-558685396,S2-316618601
S1-155512047	S2-126194272,S2-573841180,S2-208153951,S2-873295227,S2-585516521,S2-551192969,S2-103258934,S2-124751449,S2-66617021,S2-994210922,S2-586841235,S2-932068344,S2-287844743,S2-372486708,S2-748370642,S2-324283845,S2-376637408,S2-511096784,S2-980590908,S2-500567778,S2-572476279,S3-431324465,S3-909008586,S3-795234301,S3-457638029,S3-320258350,S3-624491339,S3-503570848,S3-708914976,S3-54161840,S3-380095166,S3-337970861,S3-862818534,S3-766313800,S3-367592999,S3-908896204,S3-667613989,S3-843745691,S3-295210056
S1-553186193	
S1-42502314	S2-805973378,S2-235189765,S2-791975914,S3-767948902,S3-13827034,S3-997439599,S3-239027294
S1-317114355	
S1-334574390	S2-933342629,S3-672936869
S1-649110450	S3-703016194
S1-533417053	S2-891850639
S1-152550844	S2-602062035,S2-572362958,S2-862395092,S3-703959392,S3-259948008,S3-230975196
S1-643493833	S3-104805412,S3-85298591
S1-734921625	S2-395968980,S2-258649946,S3-508957147
S1-68108533	S2-816205149,S2-514469243,S2-862254436,S2-864460817,S2-189933914,S2-645900365,S2-169885320,S2-58871778,S2-910325633,S2-22377618,S2-205672558,S2-914235366,S2-573394061,S2-841553550,S2-666470617,S2-192533343,S2-524912931,S2-105393420,S2-624427426,S2-80673535,S2-476409036,S2-17263933,S2-872980372,S2-633320581,S2-973256151,S2-316817758,S2-596519715,S2-404556017,S2-206795442,S2-736847676,S2-807986203,S2-198550048,S2-292307118,S2-5232695,S2-477440676,S2-712651727,S2-171238921,S2-249751241,S2-462205678,S2-334348740,S2-693718688,S2-253065794,S2-351782738,S2-381152302,S2-83119704,S2-182174364,S2-260344768,S2-68336091,S2-252009471,S2-641943926,S2-342377688,S2-258718385,S2-248478477,S2-38631415,S2-291498529,S2-709914386,S2-107097975,S2-7930307,S2-250510658,S2-137695606,S2-513194781,S2-701562536,S2-49075693,S2-130895009,S2-29310071,S2-945470486,S2-874614080,S2-707375373,S2-222183022,S2-462097311,S2-101029259,S2-27728611,S2-49849481,S2-579168452,S2-256225413,S2-674723528,S2-76907693,S2-589561749,S2-857477552,S2-709875382,S2-187138806,S2-265226369,S2-693418384,S2-834681538,S2-741324075,S2-720085495,S2-967937585,S2-14452143,S2-139239696,S2-222445077,S2-113179440,S2-620977624,S2-688138466,S2-927975812,S2-475740925,S2-125789509,S2-856687079,S2-952495202,S2-685779886,S2-228500126,S2-112071515,S2-217634743,S2-666642157,S2-713771378,S2-316812484,S2-131258328,S2-271437482,S2-468745145,S2-361810262,S2-242935969,S2-793088325,S2-159678946,S2-266524883,S2-532497416,S2-475477477,S2-142743622,S2-984252438,S2-912151401,S2-941454444,S2-911110427,S2-536137165,S2-900953100,S2-860848470,S2-101006425,S2-97362468,S2-773728482,S2-69543967,S2-140273352,S2-279020514,S2-882616177,S2-82011248,S2-409049158,S2-450728316,S2-966285191,S2-911105143,S2-316166708,S2-998460391,S2-332313433,S2-863855141,S2-820554763,S2-421508890,S2-996881015,S2-26754516,S2-512826709,S2-613716304,S2-715618167,S2-758968091,S2-928462412,S2-118308328,S2-796344250,S2-991430599,S2-669815569,S2-548686182,S2-373160656,S2-317723408,S2-738651331,S2-165000637,S2-906835179,S2-422429688,S2-336271595,S2-382873570,S2-662286018,S2-650011861,S2-472718606,S2-787275726,S2-245288487,S2-399952967,S2-354414430,S2-191546443,S2-998595989,S2-862287774,S2-344950327,S2-839055029,S2-115903164,S2-104473636,S2-821572484,S2-134986112,S2-52594114,S2-693478658,S2-368566268,S2-211504963,S2-778529449,S2-410354911,S2-225972782,S2-671320426,S2-525713374,S2-779045789,S2-946209938,S2-392606574,S2-874715169,S2-981468555,S2-443353412,S2-184980949,S2-168006746,S2-911676823,S2-936294289,S2-685976752,S2-993678465,S2-169990543,S2-985891713,S2-143218479,S2-966832647,S2-115666886,S2-46056917,S2-500770031,S2-913300834,S2-797071684,S2-147419667,S2-889721618,S3-105911818,S3-655874624,S3-583566421,S3-805756321,S3-30848813,S3-679447454,S3-172090963,S3-949495966,S3-185279705,S3-657861035,S3-239111170,S3-118349270,S3-485080838,S3-253961719,S3-117328662,S3-667505727,S3-607417606,S3-271342661,S3-619098052,S3-771087811,S3-175527488,S3-811368770,S3-23940627,S3-137542509,S3-963265245,S3-44190324,S3-404495700,S3-372829971,S3-21913655,S3-781822858,S3-363853808,S3-446232893,S3-108163313,S3-977291016,S3-573910688,S3-175131996,S3-584913246,S3-559833538,S3-319691588,S3-417669045,S3-135246288,S3-529201576,S3-546462980,S3-16984308,S3-302424175,S3-481153099,S3-162894602,S3-270219664,S3-179622958,S3-934852246,S3-723085875,S3-937039098,S3-401158809,S3-530551964,S3-551835835,S3-739350867,S3-669258565,S3-292875656,S3-817210362,S3-685174954,S3-794687572,S3-212936294,S3-491853420,S3-87588077,S3-513932086,S3-510663624,S3-961765650,S3-987946476,S3-977001252,S3-477028817,S3-228135411,S3-487945679,S3-875047671,S3-582768440,S3-875311297,S3-572560255,S3-930421340,S3-878626607,S3-603972701,S3-289401922,S3-401838601,S3-954549763,S3-82520695,S3-36522325,S3-553168969,S3-833360757,S3-396193819,S3-29113360,S3-191170708,S3-314650230,S3-438511968,S3-55723335,S3-645871112,S3-990865487,S3-483016765,S3-161124485,S3-417782603,S3-353707755,S3-909431421,S3-859542617,S3-291658690,S3-165229193,S3-114348862,S3-367720214,S3-498465820,S3-532956419,S3-288270627,S3-264955388,S3-971471666,S3-730336853,S3-805525436,S3-802673929,S3-258403927,S3-513672686,S3-586863506,S3-376246079,S3-788701618,S3-233646631,S3-919216046,S3-881716,S3-368570514,S3-662627559,S3-275436618,S3-293050241,S3-350377560,S3-472986845,S3-191844048,S3-893873305
S1-789286562	S2-348137430,S2-135641356,S2-562106104,S2-971273330,S2-171780507,S2-496571830
S1-493735795	S2-20091273,S2-710704187,S2-893307758,S2-982929238,S2-424809744,S2-283716988
S1-870309113	S2-575199441,S3-192165399,S3-200795467,S3-706760438,S3-153614493
S1-755184527	S2-521625017,S3-349342382
S1-741750910	S2-139321804,S2-259968826,S3-751629724
S1-396704474	S2-898635177
S1-77449994	S2-259005526
S1-607302089	S2-322362124
S1-80873383	S2-865167437,S3-792509030,S3-431093437,S3-992155952
S1-194589041	S2-54469895
S1-550464269	S2-101582651,S2-904825244,S2-412816698,S2-863734083,S3-765393839
S1-405440827	S2-466353630,S2-855072345,S2-621599688,S3-606532087,S3-519696024,S3-534206930,S3-346977332
S1-500922440	S2-807806179,S2-874380773,S3-940183857,S3-794057892
S1-111694025	S2-315885501
S1-760235082	S2-350355118,S2-711668504,S2-659486826
S1-445143782	S2-690616500,S2-867585785,S3-519684761
S1-17665971	S2-83505977,S3-582282108
S1-131623880	S2-331509491
S1-453383072	S2-533274641,S2-99336376,S2-822232776,S2-383930749,S2-694584321,S2-950608775,S3-803589384,S3-97820150
S1-573827896	S2-333894886,S2-622861417,S2-839509841
S1-740059747	
S1-979645754	S2-519312677,S2-553813720,S2-469369644,S3-956106421,S3-631581269
S1-5694837	S3-91486203
S1-895155435	S3-279771653
S1-552090769	S3-997452390,S3-878014928
S1-444520529	S2-718766170,S2-156324323,S3-530449927
S1-481259122	S2-815121682
S1-170318976	
S1-254586049	S3-332845606
S1-626957328	
S1-820877559	S3-845297875,S3-538718785
S1-111296778	S3-208264360
S1-847310129	S2-200391160,S2-785462186,S2-56408209,S2-684575806,S2-222636881,S2-532630688,S2-725018608,S2-285929062,S2-867721467,S2-991447554,S2-442009433,S2-300719581,S2-426147660,S2-854176012,S2-239734521,S2-929740436,S3-566386730,S3-772395735,S3-469902283,S3-996675648,S3-119114981,S3-836109595,S3-135979239,S3-834792860
S1-546941880	S2-465664968
S1-697980001	S2-256337315
S1-338401200	S3-104676057
S1-501819870	S2-547695307,S3-86029133
S1-541668027	S2-987475979,S3-239202199
S1-966492570	S2-152194607
S1-702544592	S2-626067390,S3-104096227
S1-528495462	
S1-545863954	S2-384442003,S3-178364508
S1-772195807	S2-293394835
S1-603731465	S3-273405887
S1-453539657	S2-988466148,S3-623621291
S1-46249643	S2-634987820
S1-317928365	
S1-735449543	S2-542551278,S2-836095663,S3-633657927,S3-593392930
S1-368898506	S3-66904920
S1-39608811	S3-841843337,S3-639907728
S1-497232093	S2-240364786,S3-991632549
S1-740176897	
S1-699373004	S3-488481179
S1-760964613	S2-333212118,S3-929746741,S3-878453173
S1-759533619	
S1-89928972	S2-398401791,S3-24238944
S1-415302434	S2-773297543,S2-8286129
S1-397514626	S3-143478814
S1-603295553	
S1-829004597	
S1-340381642	S2-695586390,S2-798081826,S2-8017290,S3-665354611
S1-831508195	S3-896286202,S3-351277632
S1-715029307	S2-225811478,S3-198439350
S1-30383410	
S1-267323354	
S1-189661852	S2-484249068,S3-869708060
S1-232418369	S2-716630450,S2-932812618,S2-609892208,S2-78210662,S3-981813532
S1-626838100	S2-71788050,S2-491397089,S2-806325388,S2-360321681
S1-900373432	
S1-322014701	
S1-714107578	S2-651375289
S1-923533895	S2-784805376,S3-819001814,S3-930068406
S1-445155683	S3-568536093,S3-91205950,S3-840384763
S1-70052354	S2-536279355,S2-326675720,S3-788857721
S1-954767088	
S1-529469516	S2-188164499,S2-441388235
S1-650940902	S3-672977891
S1-200871763	
S1-674001307	S2-55962040
S1-946578635	S2-922208754,S2-357054735,S2-845645834
S1-899271918	
S1-861020733	S2-802032248,S2-660158915,S3-113295693
S1-669118103	S3-226386900
S1-473518955	
S1-112878071	
S1-387370379	
S1-591825395	S2-990482170
S1-341836448	S2-482301070,S2-135427890,S3-650259279
S1-730190320	S2-151812617,S3-418681361
S1-686724393	S2-309911578
S1-884819027	S2-445942224,S3-82504710
S1-634733706	S2-844138095,S2-429537708,S2-978326084,S2-449549731,S2-160748065,S2-230515989,S2-747380766,S2-516719319,S2-488392303,S2-677565089,S2-96086102,S2-639212505,S2-667307259,S2-841617729,S2-8141672,S2-984221643,S2-829517915,S2-268976245,S2-318337747,S2-239495253,S2-469259029,S2-313131974,S2-384666192,S2-946986833,S2-385102783,S2-511621272,S2-414803562,S2-385103107,S2-635401557,S2-769166453,S2-437253014,S2-309350879,S2-157238690,S2-483953057,S2-811132691,S2-297180999,S2-602738346,S3-612554336,S3-848418540,S3-712344951,S3-847801190,S3-109307025,S3-796976644,S3-813351243,S3-129877933,S3-315758954,S3-660915743,S3-635636680,S3-46506984,S3-497714894,S3-329134522,S3-729408148,S3-205718926,S3-281244821,S3-824071932,S3-228147308,S3-906159309,S3-417194872,S3-406986833,S3-32282315,S3-603023602,S3-270250536,S3-535774063,S3-354607702,S3-113714824,S3-415145786,S3-629784778,S3-864859763,S3-308362633,S3-390848074
S1-146764860	S3-880541117
S1-667494116	S2-911450010,S2-950562952,S3-4894483
S1-644800304	
S1-559176480	S2-359847177
S1-670613672	S2-785128097
S1-563834046	S2-846706492,S2-556962380,S2-250669205,S2-11979428,S3-28282965
S1-605344566	S3-953451980,S3-981731940
S1-45476583	S3-709112368
S1-712193425	S3-353915311,S3-934939933
S1-426796552	S2-887201305,S2-427604059,S3-424921523,S3-457073937
S1-358071494	S3-211179755
S1-913184147	S2-644730457,S2-992416302
S1-518999749	S2-190531136
S1-142991774	S3-461439412
S1-573105537	S2-106455452,S2-714053121,S3-972895921
S1-402263041	S3-569118373
S1-852777299	
S1-817055009	S3-736390072
S1-121278089	S2-50903269,S3-210197624,S3-702528466
S1-34406583	S2-683831863,S3-657943678
S1-948206127	S2-234892513,S2-651166319,S2-749024693,S2-709050360,S3-164112817,S3-591348952,S3-529913546,S3-401875139
S1-793882586	S2-103269848,S2-901624314,S3-372073209
S1-313423382	
S1-230616179	S2-256241077,S3-712100070
S1-117946977	S2-769341248,S3-656462681,S3-729624345,S3-663512892
S1-764467216	S2-745833963,S2-93123987,S3-289172836,S3-892085131,S3-146055956,S3-593972250,S3-707695715,S3-514605221
S1-600671460	S2-832122607,S2-995048605,S2-247704545
S1-985458663	
S1-998079629	S3-110416886,S3-685478719
S1-751723139	
S1-984503844	S3-424503610
S1-436389656	S2-287303694,S3-978841330,S3-887609870
S1-141582671	S2-969726850,S2-441408323,S3-217544503,S3-839980245
S1-870259303	S2-491755789,S2-354743316,S3-893929029,S3-271806273
S1-202627015	S2-530247686,S2-909159851,S2-662952744,S2-218778690,S2-2833903,S2-408997030,S2-853575310,S2-162601497,S2-311203267,S2-871393899,S2-319393971,S2-811564056,S2-817179200,S2-56486462,S2-93847498,S2-919598943,S2-726138447,S2-775265811,S2-294940084,S2-225379358,S2-386163493,S2-325459438,S2-414308330,S2-381345662,S2-435544756,S2-148814135,S2-664770842,S2-650661208,S2-642076999,S2-430049871,S2-404086395,S2-166812820,S2-52766649,S2-654235210,S2-588383523,S2-943758769,S2-862556918,S2-581389909,S2-208707387,S2-242423980,S2-406051768,S2-347774193,S2-529997974,S2-311515946,S2-283401748,S2-599451945,S2-887905033,S2-237889165,S2-85266830,S2-761544332,S2-936032619,S2-416114110,S2-656104391,S2-382301133,S2-827075582,S2-162682496,S2-583977951,S2-913477791,S2-3581857,S2-4548858,S2-367442320,S2-191814847,S2-878817698,S2-193288962,S2-928511873,S2-474874836,S2-960628371,S2-801425674,S2-589776160,S2-411202730,S2-255423786,S2-13030635,S2-642187971,S2-674879392,S2-952519022,S2-633106200,S2-261918000,S2-958243349,S2-686742535,S2-525024920,S2-470326527,S2-29182566,S2-844302921,S2-637022961,S2-411372092,S2-453438588,S2-823879862,S2-716736366,S2-852183306,S2-442272683,S2-601176345,S2-969427741,S2-861434099,S2-632466156,S2-332775435,S2-913293726,S2-829790410,S2-209162586,S2-161280808,S2-585449606,S2-556282038,S2-137685705,S2-141240890,S2-397491168,S2-165206544,S2-550614525,S2-293596920,S2-97922586,S2-922644992,S2-668006143,S2-121936039,S2-840097777,S2-828044341,S2-117325593,S2-803088444,S2-387195792,S2-530343550,S2-287240593,S2-768261682,S2-540900791,S2-360372295,S2-440684884,S2-405038409,S2-729510067,S2-740374235,S2-32415585,S2-905503143,S2-327528894,S2-326800273,S2-813211118,S2-290700420,S2-370644173,S2-42190209,S2-601744787,S2-232801107,S2-49298585,S2-552744593,S2-368750743,S2-827825016,S2-562559718,S2-940429686,S2-851574724,S2-361198213,S2-189889682,S2-524042886,S2-556348793,S2-295396172,S2-691756794,S2-632727679,S2-858288097,S2-242958346,S2-625372923,S2-493249213,S2-975761149,S2-118013799,S2-298257350,S2-1993425,S2-29815572,S2-821393520,S2-925683350,S2-944091375,S2-453317323,S2-290837552,S2-639848090,S2-834392507,S2-502198483,S2-871617340,S2-118366148,S2-312457245,S2-346600150,S2-378816802,S2-629558091,S2-133352512,S2-308938752,S2-717962617,S2-518201230,S2-447149049,S2-841504852,S2-245950980,S2-959387443,S2-953324143,S2-315918097,S2-838190441,S2-805363515,S2-736941501,S2-879759830,S2-746408060,S2-290696022,S2-378237486,S2-956339313,S2-238744337,S2-710085646,S2-382743746,S2-589790601,S2-79332727,S2-774741194,S2-835925425,S2-502013012,S2-683973019,S2-205892866,S2-589036469,S2-885454109,S2-691164845,S2-756384178,S2-733608264,S2-717929465,S2-662590129,S2-724546690,S2-318739913,S2-484113838,S2-992749764,S2-242753714,S2-891027276,S2-343292557,S2-221597782,S2-875885050,S2-878195074,S2-654544011,S2-981964361,S2-316876182,S2-553425127,S2-4227867,S2-345970842,S2-734695076,S2-320049195,S2-691405741,S2-363214920,S2-25408044,S2-933324222,S2-182275917,S2-540554152,S2-353976178,S2-453101058,S2-151368940,S2-597278745,S2-929879516,S2-835839838,S2-715478233,S2-138073824,S2-420884606,S2-683126049,S2-445948360,S2-855988001,S2-683093260,S2-222889963,S2-914517727,S2-482655851,S2-192668494,S2-58933428,S2-115927159,S2-816542385,S2-19631439,S2-534176809,S2-877519513,S2-385532620,S2-728907172,S2-887563921,S2-566996377,S2-698769832,S2-577975684,S2-352337008,S2-733598717,S2-978688094,S2-887002726,S2-463824874,S2-931230097,S2-191991575,S2-372355052,S2-961957167,S2-635226258,S2-16571726,S2-17876485,S2-661153944,S2-56266847,S2-950563526,S2-540881312,S2-178634443,S2-820829412,S2-607147625,S2-759805850,S2-129278134,S2-755600130,S2-814956866,S2-896382490,S2-866278535,S2-415720234,S2-675924919,S2-618064378,S2-50838468,S2-653871379,S2-598949853,S2-635371300,S2-82008142,S2-308501419,S2-588767727,S2-819600436,S2-401964994,S2-23459815,S2-264031363,S2-94775622,S2-68770453,S2-940264837,S2-214434248,S2-474901278,S2-518330029,S2-523657570,S2-891212067,S2-886160874,S2-739423947,S2-400065030,S2-66638166,S2-134533713,S2-134270260,S2-324604836,S2-351840111,S2-785842478,S2-635269202,S2-347898024,S2-265393344,S2-754231517,S2-816932690,S2-807518513,S2-477588493,S2-212523128,S2-760160512,S2-368909781,S2-82734691,S2-708755498,S2-254179962,S2-806232258,S2-676717607,S2-338047236,S2-866012898,S2-866820554,S2-238077404,S2-23530612,S2-989837727,S2-45531719,S2-193872375,S3-64079929,S3-522291664,S3-233415011,S3-869149762,S3-43257763,S3-643081714,S3-431680728,S3-751048481,S3-980181797,S3-597393841,S3-269850462,S3-715859049,S3-558983231,S3-218893710,S3-728851996,S3-514371171,S3-195170754,S3-858511035,S3-884863015,S3-371579648,S3-16181684,S3-106634812,S3-436895152,S3-93552589,S3-25756496,S3-43447793,S3-70303892,S3-142157020,S3-435176178,S3-110098737,S3-620200307,S3-855506039,S3-197565093,S3-508502070,S3-353717005,S3-357181511,S3-74089972,S3-951958234,S3-655850689,S3-76354974,S3-159756294,S3-988450720,S3-811847612,S3-969217011,S3-31642351,S3-612051903,S3-755990432,S3-369863230,S3-631432361,S3-494282911,S3-544443071,S3-107617929,S3-353577901,S3-708514917,S3-803316646,S3-105454326,S3-598017130,S3-418788220,S3-10890175,S3-196285616,S3-874503910,S3-193425406,S3-542118771,S3-900171281,S3-47346947,S3-510535206,S3-986568250,S3-93157113,S3-435540420,S3-445315328,S3-886797565,S3-65166675,S3-910969458,S3-478609913,S3-84309879,S3-69208153,S3-261737896,S3-522692627,S3-105424119,S3-229196520,S3-154415736,S3-396763486,S3-64580054,S3-595279906,S3-610654665,S3-904681926,S3-484951166,S3-203038672,S3-662877392,S3-562431410,S3-44420772,S3-55650622,S3-541879695,S3-728543357,S3-660997614,S3-833276956,S3-181177132,S3-338503330,S3-474148772,S3-260241877,S3-673344739,S3-199988686,S3-77435736,S3-725559379,S3-518945159,S3-913329461,S3-469672903,S3-529921496,S3-780891551,S3-795627727,S3-781604076,S3-521020982,S3-28193157,S3-627448346,S3-626581225,S3-781613647,S3-52747444,S3-767441317,S3-273087893,S3-761742168,S3-777716545,S3-501603986,S3-833684967,S3-806902271,S3-956858358,S3-166177173,S3-591026768,S3-763439256,S3-214726959,S3-892524084,S3-582932287,S3-331156444,S3-789581929,S3-488821436,S3-762440193,S3-286108328,S3-18543931,S3-359368898,S3-697464856,S3-563986921,S3-281825022,S3-86780915,S3-58529018,S3-20169547,S3-926304872,S3-306202334,S3-221969765,S3-179276718,S3-577734207,S3-25578416,S3-667701381,S3-232838928,S3-850186741,S3-547541206,S3-828261693,S3-622318014,S3-162237345,S3-240543251,S3-449737514,S3-509351098,S3-497587256,S3-60217511,S3-102280444,S3-133368740,S3-406315295,S3-586331772,S3-3392431,S3-4337492,S3-248663873,S3-683697558,S3-742888706,S3-928396575,S3-468035352,S3-894369654,S3-263697244,S3-582589756,S3-150505689,S3-791596238,S3-455368964,S3-245450204,S3-926055617,S3-185048815,S3-26326782,S3-512704507,S3-169662409,S3-38306118,S3-464037880,S3-143653231,S3-947445848,S3-187563827,S3-975461430,S3-638018663,S3-107867252,S3-794612824,S3-753172209,S3-611569918,S3-198417145,S3-722691025,S3-509837182,S3-810179252,S3-220174330,S3-585064382,S3-468616254,S3-968696952,S3-658020523,S3-671956225,S3-897953696,S3-782720375,S3-753344471,S3-494854465,S3-124190910,S3-437873918,S3-492317377,S3-296791239,S3-454359231,S3-179787429,S3-906637199,S3-570638910,S3-967818521,S3-324741318,S3-709883434,S3-744274536,S3-953463313,S3-189111720,S3-61760609,S3-300864996,S3-490604092,S3-216140110,S3-190305135,S3-340696804,S3-779462286,S3-690653014,S3-146575096,S3-27757425,S3-507992449,S3-449444238,S3-744317473,S3-201323701,S3-163144957,S3-695628005,S3-658591413,S3-777452020,S3-309822396,S3-967346059,S3-540254266,S3-631636217,S3-281796371,S3-39277092,S3-893097300,S3-274994212,S3-529067394,S3-847041796,S3-440031045,S3-596805396,S3-173115373,S3-130788141,S3-529915495,S3-104142624,S3-491024834,S3-789624921,S3-957235897,S3-836107818,S3-669388357,S3-225555080,S3-176176911,S3-809906485,S3-445551398,S3-559984885,S3-252793556,S3-361350145,S3-185411069,S3-245908783,S3-353454348,S3-806953799,S3-390626829,S3-63699294,S3-436517078,S3-105474094,S3-235539099,S3-870333817,S3-331217437,S3-402850340,S3-448786100,S3-439865809,S3-551469067,S3-951520006,S3-755587180,S3-637200198,S3-152712210,S3-713094994,S3-759964149,S3-531325813,S3-552642752,S3-309281691,S3-597194863,S3-985868050,S3-621743855,S3-19786584,S3-843354391,S3-324564090,S3-259449649,S3-788859906,S3-712816166,S3-212987915,S3-597595632,S3-870323153,S3-281735247,S3-11603991,S3-322449152,S3-516390831,S3-419214092,S3-252576766,S3-914507478,S3-111353468,S3-571424463,S3-24351554,S3-708878648,S3-854891627,S3-785751673,S3-875312494,S3-260327581,S3-627720718,S3-934673876,S3-239117068,S3-520095566,S3-297940466,S3-870521108,S3-435732847,S3-551908927,S3-722116213,S3-26936583,S3-982522595,S3-522576831,S3-544146848,S3-31698572,S3-314308120,S3-187221829,S3-476443742,S3-516328709,S3-80633532,S3-652306346,S3-451844140,S3-97905797,S3-761228206,S3-296889432,S3-481912508,S3-983223911,S3-64373534
S1-870670114	S2-774095572,S3-548833394
S1-755329516	S3-413876161,S3-918875828
S1-769735105	S3-68590631,S3-513331917
S1-545535789	S3-754082068,S3-444798361
S1-255512449	S3-766384285,S3-633619185
S1-479368587	S2-209101791,S2-251633904
S1-220217287	
S1-445413591	S2-741031934,S2-11818511,S2-49496590,S2-997167283,S3-845502478
S1-307330189	S2-479358890,S3-458125156
S1-576221857	S3-923674905
S1-540647065	S2-873492600,S2-516414311,S2-290427712,S2-90634321
S1-985849844	S2-281054849,S2-688993279
S1-129840509	S2-111062927,S3-637131637
S1-738529927	S2-574195814,S2-984339199,S2-121519722,S3-368867783
S1-631634336	S2-170516399,S2-138841057,S2-872608136,S3-904005280,S3-949838627,S3-832188907,S3-588379284
S1-620439917	S2-416104408
S1-645673704	S2-118884480,S2-141081902,S2-256870070
S1-366906832	S2-112727367,S2-720053732,S2-85797615,S3-172622687
S1-818450767	S3-743710190
S1-495018313	
S1-236219320	S2-415263004,S3-99682071
S1-735494336	S2-287975641,S2-380942689,S2-331245541,S2-850008573,S3-907179534
S1-313486473	S3-890649267
S1-874756885	
S1-930629318	S2-310172853
S1-211227284	S2-143546704,S3-456966322
S1-665203072	S2-290678434,S2-225145222,S3-598792171,S3-776377119
S1-990859962	S3-670005827,S3-90485422
S1-743413952	S3-749307988,S3-83579352
S1-288261457	
S1-325772170	S2-523029118,S2-445020737
S1-584694385	S3-34471449
S1-196930853	S2-349501090
S1-383705289	S2-436869419
S1-94503331	S3-133802843,S3-51375091
S1-647575013	S2-604076739,S3-172953494
S1-362900691	S2-794209313,S2-212602077,S3-647461844
S1-743701929	
S1-554606367	S2-199676050,S2-649431829
S1-72057324	S3-247390892
S1-537057658	S3-49269246
S1-863840933	S2-790254432,S2-618889056,S2-892484271,S3-480482027,S3-299342997,S3-319864576,S3-86041044
S1-867937984	S2-467238482,S2-35384597,S2-432094365,S2-683077298,S3-328930680,S3-304796871
S1-517585252	
S1-843460748	S3-360912298
S1-495431862	
S1-705520087	S2-360473535,S2-513824563,S3-346303863,S3-527457065
S1-629792731	S2-501776828
S1-24190993	S2-54635056,S3-592617087,S3-384553783
S1-962462371	S2-456125626,S2-359156361,S2-813150733,S2-756623157,S2-330404588,S2-126463901,S3-98525263,S3-264003687
S1-891460771	S2-546025887
S1-631267110	S2-748230386,S3-671848003
S1-616328186	S3-349290189
S1-989458781	S2-393102630,S2-859070640,S3-715146055,S3-276199105
S1-158427430	S2-230585443,S2-206732718,S2-508785670,S3-745239663
S1-943866501	S2-886551299,S3-584504836,S3-777185824,S3-642529401
S1-772390233	S2-590216056
S1-555104163	S2-575141626
S1-634708855	S3-947687449
S1-574838650	S2-492078874
S1-454570944	
S1-824705510	S2-778038564,S2-180117008,S2-390620017,S2-741204840,S2-768684506,S2-282895142,S2-17472706,S2-990980254,S2-788122263,S2-912782160,S2-493821304,S2-660790968,S2-704991146,S3-14654268,S3-647193287
S1-353555145	S3-751401112,S3-865204287
S1-868191449	S2-818529232
S1-207542087	S2-421392795,S2-406825956,S2-776747495,S3-84307252
S1-128224466	S3-359074651
S1-437847715	S2-456191599,S3-469685468,S3-882805779
S1-175897406	S2-94705321,S3-608898889
S1-836657851	
S1-738388422	
S1-70730985	S2-580903531
S1-913071720	S3-744751229
S1-730858570	S2-384197131
S1-890842089	S3-531435230,S3-242694950
S1-755841052	S2-503492870
S1-62406587	
S1-945599294	S3-84003580
S1-282690027	
S1-119471339	S2-577954883,S3-635548831
S1-612238175	S2-989575182,S2-279185766,S2-667406730,S3-898087109,S3-912873346,S3-133085603
S1-507700514	
S1-507057032	S2-164639923,S2-10977605
S1-290658366	S3-197895462
S1-521891133	S2-372536821,S3-278534575
S1-49325121	S3-552201169
S1-169797977	S2-786111464,S3-799196060
S1-44516836	S2-130746145,S3-325045609
S1-27176967	
S1-428409415	S2-921691238,S3-248618550,S3-509875411,S3-430627496,S3-977341279,S3-269311357
S1-583030458	S2-107332619,S3-443962911,S3-325809144,S3-611738306,S3-263850317
S1-659886446	S2-488627753,S3-814092370
S1-330401139	S2-196677657,S2-37169678
S1-928776546	S2-1527686
S1-79493353	S3-169307180
S1-598644426	S2-345648173,S3-128896284
S1-491672580	S2-296083713,S3-819427724
S1-527616111	S2-591343801,S2-260263864,S3-648529287,S3-73358020
S1-269743554	S2-561401092,S2-321485441,S2-882251337,S2-452583457,S2-425996842,S2-738691936,S2-207537904,S2-65378658,S2-702541849,S2-780565817,S2-138210228,S3-709182080,S3-29497759,S3-367761629,S3-548016929,S3-550009202,S3-901146619,S3-448274714,S3-347883763
S1-737563674	S2-704667925,S3-293745052,S3-593148734,S3-505561401
S1-662097139	S2-203431069,S2-884772865,S3-541156867
S1-76227211	S2-963666454,S2-566842378,S3-631628736
S1-754443232	S2-380674790,S3-730988363,S3-947730178,S3-744054301
S1-541847553	S3-464125372,S3-620195456,S3-703629333,S3-277575011
S1-811085440	S2-414128,S2-563771473,S3-850713295,S3-664849915
S1-398462363	
S1-310166751	S2-637983097,S3-97219964
S1-258544368	S2-739109181,S3-315188557
S1-29704874	
S1-71390708	
S1-522847261	S2-634359439,S2-948892543,S3-531432867,S3-63145050
S1-209560741	S2-185614681,S3-932329519,S3-667600650
S1-76891238	S2-215541922,S2-754417752
S1-803723987	S3-572249876
S1-469837394	S2-130564125,S2-853240635,S3-88322401,S3-38195948
S1-262724894	S2-25450988
S1-789310261	S2-87926059,S2-752468666,S3-721160512
S1-476233101	S2-626271021,S3-254142731,S3-219643345,S3-519788629
S1-156259591	
S1-148192848	S2-944535843
S1-253986339	S2-224102682
S1-613788308	S2-395796500,S3-131048553
S1-46734148	S3-720043401
S1-925888590	S3-172656528
S1-384391959	S2-283467012,S2-935118781,S3-712848899
S1-733058423	S3-733597430
S1-335922295	S2-788697479,S2-712854736,S3-878548584
S1-62369497	
S1-472029773	S2-771445530,S2-126209019,S3-325132291,S3-559726848
S1-379378394	S3-466289518
S1-802501899	S3-514315894
S1-404958214	S2-388410317
S1-134964502	S2-517957709
S1-903680191	S3-301064476,S3-285658464
S1-746205301	S2-412238683,S3-6333652
S1-356330116	S3-153027663
S1-897438771	S2-669139066,S3-941488547,S3-443560965
S1-216853138	S2-927137671,S3-363203365,S3-630411138,S3-143369291,S3-378241265
S1-21010276	S2-296111658,S3-315630500,S3-498339561,S3-274372090
S1-411150863	
S1-721904625	S2-975516526,S3-763832523
S1-500842861	S3-590665163
S1-519840188	S2-765889331,S2-78013127,S2-855290619,S3-788006933
S1-371172270	S2-648974250,S2-867547927,S2-339344578,S2-146705767,S2-978202729,S3-900112943,S3-299348052,S3-480826466,S3-776485357,S3-42667841,S3-205638087,S3-601699822,S3-603233778
S1-146269669	S2-838770537
S1-640903890	S3-703258877
S1-579513223	S2-198854446,S3-4595655,S3-490148586
S1-834059246	S2-481781064,S2-825439624,S3-635144098
S1-543738021	
S1-464735932	S2-803194809,S2-187125528,S3-28151790
S1-720494821	S2-816469037
S1-614166527	S3-142827550
S1-330425761	
S1-636382711	S2-164533169,S2-734543252,S2-58813668,S2-652145296,S3-190236068,S3-692244874,S3-640804159,S3-563767619,S3-473613685,S3-364418763
S1-845582955	S2-247406225,S2-640700015
S1-864813407	S2-731702306,S3-214889573,S3-166496342,S3-128006463
S1-226835563	
S1-593083174	S2-965454124
S1-265308634	S2-888322584,S2-817544104,S3-675677993
S1-342524902	S2-171379851,S3-123101660,S3-734972619
S1-313657958	S3-38371223,S3-586552250,S3-336590809
S1-761368811	S2-587300328,S2-239889245,S3-448583019,S3-349103364
S1-370040082	
S1-30674002	S2-971567084,S2-81183557,S2-231575030,S3-705715491
S1-184326040	S3-26913471,S3-535398546
S1-752875458	
S1-749190987	S3-995036409,S3-668924095
S1-303885393	S3-267881212,S3-630291944
S1-524471698	S3-609702766,S3-888157196
S1-81401869	S2-137814770,S2-938808823,S3-586319631
S1-600924899	
S1-223740121	S2-333741086,S3-219397716,S3-98094500
S1-497450389	S2-683837151
S1-951404426	S2-644813322,S3-139531400
S1-677361364	S2-632168180,S2-710649780
S1-438605996	S2-588537330,S2-943270728,S3-919405243
S1-669877826	S2-841781828
S1-293244964	S3-85328531,S3-638881243
S1-872080679	S2-86933812,S2-180209507
S1-578655170	S2-879387329,S2-162103849,S3-960526214
S1-855309387	S2-325405392,S2-136045611,S2-165528069
S1-849800146	S2-757323825,S2-742061876,S3-153492696
S1-950006929	S3-844956483,S3-734544839
S1-477543769	S2-601501060,S3-773212172,S3-392584938
S1-533947051	S2-25560636,S2-283029724,S2-755043747,S2-85001706,S2-906082055,S2-201072653,S2-554951079,S2-668466858,S2-978859014,S2-722689590,S2-161049581,S2-438701588,S2-432973933,S2-575755305,S2-629442002,S2-210793261,S2-31257207,S2-894699730,S2-300514552,S2-269546689,S2-682578856,S2-126048468,S2-250475448,S2-864069529,S2-507075538,S2-404656931,S2-593369355,S2-16254975,S2-249314821,S2-624570422,S2-813180326,S2-238677702,S2-709994747,S2-336673941,S2-760525757,S2-870195549,S2-93412090,S2-792395754,S2-362299545,S3-679793442,S3-592914760,S3-405108905,S3-179854223,S3-342406638,S3-184184923,S3-304877707,S3-919471933,S3-726736652,S3-961195907,S3-709538420,S3-502057806,S3-716540406,S3-781586296,S3-360043291,S3-860041219,S3-963691824,S3-841969142,S3-33601788,S3-466796462,S3-242626877,S3-391371083,S3-882903358,S3-152528704,S3-983070011,S3-688308194,S3-135561752,S3-911286141,S3-8911250,S3-866703634,S3-57157826,S3-173003330,S3-456147283
S1-689992280	S2-565722774
S1-827116132	S3-693759955,S3-125694775,S3-966862124
S1-130033627	S2-333955337,S2-768046589
S1-200328362	S2-722016423,S3-410256963
S1-822365624	S2-288999716,S2-89077635,S2-526261176
S1-973488776	S2-896143076,S2-331875148,S3-510291344,S3-895757711
S1-13451015	S2-432235712,S2-793448448,S2-808782964,S2-120415970,S2-668641653,S2-536814180,S2-207215783,S2-73331683,S2-964324233,S2-371549105,S2-810034316,S2-7584980,S2-787984262,S2-434459690,S2-848219138,S2-326339756,S2-29883903,S2-943105655,S2-689396227,S2-812129730,S2-811258174,S2-602844464,S2-444123739,S2-331068355,S2-704586983,S2-731565324,S2-134349331,S2-292302465,S2-94597724,S2-880222102,S2-911828148,S2-170917949,S2-468300087,S2-396078727,S2-227992163,S2-618520973,S2-944342898,S2-66888400,S2-640838694,S2-146018392,S2-435337613,S2-867207018,S2-887726370,S2-383230413,S2-520404285,S2-985840306,S2-589883994,S2-485063614,S2-416731041,S2-921679035,S2-377858458,S2-431544911,S2-283290920,S2-245994916,S2-322222030,S2-626211256,S2-343107997,S2-57796426,S2-670874120,S2-11316321,S2-484692850,S2-94124408,S2-382489073,S2-793891189,S2-899855087,S2-447622248,S2-178695811,S2-304154466,S2-719510196,S2-80538001,S2-137697794,S2-178516389,S2-754412867,S2-973800246,S2-852866670,S2-32491622,S2-425497319,S2-960327213,S2-777028066,S3-146066219,S3-109157364,S3-619717344,S3-958045254,S3-986811365,S3-394485918,S3-744954476,S3-993638504,S3-382745153,S3-415575161,S3-610706981,S3-521448742,S3-515422231,S3-703709175,S3-562343352,S3-60798280,S3-689951623,S3-614758639,S3-22680671,S3-586960816,S3-219745779,S3-835229522,S3-467196715,S3-293718170,S3-103560324,S3-301066515,S3-469624087,S3-346522179,S3-96207094,S3-249490080,S3-889880034,S3-625277958,S3-784075696,S3-198960958,S3-386295050,S3-634768613,S3-198736477,S3-344241448,S3-392165607,S3-88655472,S3-709371508,S3-922597180,S3-956726754,S3-204334734,S3-837650618,S3-694299572,S3-392706055,S3-716288079,S3-265941020,S3-791109833,S3-833382710,S3-425207891,S3-833167002,S3-897581303,S3-702398434,S3-60550735,S3-401207690,S3-953793617,S3-740050196,S3-667101867,S3-644519371,S3-418352234,S3-911244949,S3-305234418,S3-419949477,S3-133911385,S3-322826462,S3-232762174,S3-37508547,S3-657716212,S3-123390975,S3-929791514,S3-132376128,S3-342663533,S3-473242510,S3-984097288,S3-371257705,S3-880918765,S3-113474398,S3-828416120,S3-72454641,S3-85624149,S3-141944613,S3-468190894,S3-445041291,S3-969494322,S3-336900517,S3-826353141,S3-956072758,S3-140494015,S3-395168751
S1-618510970	S2-866641098,S3-126825632
S1-452851960	S2-57437991
S1-725672126	S2-550315638,S2-773741389,S3-419568781,S3-632481830
S1-371215032	S2-259824650,S3-152625129
S1-880149151	S2-464399964,S2-664169766,S2-710422552,S3-683805901,S3-423498042,S3-920689746,S3-645416742
S1-704316296	
S1-491775540	S2-641047503
S1-503016984	S3-639322218,S3-412919609,S3-641848602
S1-446731231	S2-54107612,S3-537033624
S1-908289013	S2-579199753,S2-726624641,S3-683197953
S1-450337428	S3-764964255,S3-722440900,S3-450620976
S1-29596643	S2-15248759,S2-497064309,S2-320692831,S2-619180142,S2-612028217,S2-891813006,S3-593994506,S3-635266386,S3-798018022,S3-932096618
S1-601561210	S2-907572281,S2-233269551,S3-417791954
S1-597171150	S2-284355176,S2-852206551,S2-724803047
S1-754410830	S3-43916774,S3-475957900
S1-995936163	S2-366970567
S1-990991704	S2-542985543,S3-66593972
S1-52033338	S2-787924943
S1-717480913	S2-564474227
S1-699194125	S2-987382970,S2-233939017,S3-111325422
S1-685163224	S2-500676341,S3-396382028
S1-185787384	S3-383192789,S3-792655822
S1-263986904	S2-15955960,S3-183040842
S1-109940605	
S1-109569754	
S1-161663716	S2-50395656,S3-621042579
S1-162695461	S3-177223520
S1-648022940	S3-980111933
S1-807531920	S2-124102520,S3-372222854
S1-622031313	S2-911949545,S2-804424849
S1-147548498	S2-287020310,S3-880035934
S1-26628666	
S1-240414034	S2-910853463,S2-308595001,S2-334267253,S3-868763697,S3-235249310,S3-252977477,S3-837972700,S3-383492855,S3-401022861
S1-377471644	S2-493248605,S2-96739947,S2-410044091,S2-29578844,S3-106044742,S3-835622399
S1-795051867	S3-10033147
S1-518221826	S2-35779504,S2-755763824,S2-648861555,S3-371534378,S3-102493433
S1-569486927	S2-825084090,S3-998058766
S1-788480541	S2-722199040,S2-692208141,S2-945279843,S2-518905841,S3-166635413
S1-650931728	S2-691580077,S2-253806476,S2-551058490,S2-662241113,S2-964568230,S2-339984041,S2-667011011,S2-759818139,S3-648471395,S3-199232373,S3-362323758,S3-474586655
S1-949970105	S3-90477790
S1-224442543	S2-314201561,S3-357166507,S3-478128761,S3-640882566
S1-262086042	S2-942487517
S1-539063080	S2-550406141,S3-756490712,S3-846387747,S3-210774198
S1-758070549	S3-307632812
S1-102067063	S2-357172381
S1-232798487	S3-859179571
S1-105827392	S2-517494244,S2-211382545,S2-782797861,S3-887977648
S1-906803032	S2-104551846,S2-885292974
S1-42258623	S2-486211996,S3-295178693
S1-578070457	S2-846405443,S3-294093770
S1-179448674	S3-914736234,S3-884026252
S1-377942865	S2-79321612,S2-428646625,S2-764652743,S3-229340593
S1-117124656	S2-273609983,S3-305111733
S1-993829678	S2-420016120
S1-170883326	S2-22761429,S2-635063335,S3-525083607
S1-966166665	S2-400147630,S2-942209677,S3-652537373
S1-168402024	
S1-432612382	S2-706198879,S2-783613714,S3-303886991,S3-844872054
S1-106694036	S3-642397178
S1-860696171	S2-293930904,S3-112626908,S3-135093994,S3-571593004
S1-947779057	S3-958089258
S1-478187960	
S1-901582927	
S1-903791016	S3-179758198
S1-11483643	S2-994138345
S1-347810367	S2-446149122,S2-427964956,S3-2965120
S1-557169552	S2-788920987
S1-618760923	
S1-342769339	S3-177683130
S1-533988643	S2-92851629
S1-683869141	S2-924633488,S2-397392336,S3-172672302
S1-293619205	S2-191388539
S1-896292297	S2-493051047,S2-763818983,S3-590980779
S1-926971348	S2-390350294,S2-585844269
S1-329066163	S2-441135875
S1-658544337	S2-809038162,S3-853846350
S1-137870529	S2-130309662,S2-315675866,S3-587236626,S3-189063698
S1-486008614	S2-932120146,S2-31083507
S1-935841397	S2-510941806,S2-949517097
S1-326846186	S2-45920528,S2-832898232,S2-335058786,S2-864900257,S2-735366942,S3-438011062,S3-689813159,S3-665999377
S1-711330965	S3-768718329
S1-722405675	S2-800485802,S2-597733886,S3-71413445,S3-227661280,S3-980957692
S1-463287529	S2-635195589,S2-687207014,S3-852581654
S1-149411806	S2-238743567
S1-541361289	S2-676653244,S2-368587285,S2-63451860,S3-575630421
S1-977429262	S2-604123258,S3-416374045
S1-11172779	S3-481006431
S1-350174317	S2-318116937,S3-877935539
S1-279892562	S2-320745986,S3-538984054
S1-822292739	S2-570174530,S2-545118007,S3-580242307
S1-272127430	
S1-667764898	S3-344979416,S3-44814561
S1-581382815	S3-344112218
S1-473952711	
S1-221315364	S2-856995888
S1-250931789	S2-297683064,S3-200124289,S3-4604707,S3-870553450
S1-598934460	S2-869410128,S2-915824116,S2-221560155,S2-667629486,S2-913325366,S3-51805508,S3-592572841
S1-584697437	S2-942646919,S3-851112681
S1-405602194	S2-504907221,S2-188423769,S3-897523996
S1-608664540	S2-917268332,S3-967066725
S1-84451840	S2-751407165,S2-267214628,S2-549283362,S2-725437209,S2-483913604,S2-962695347,S2-324436175,S3-36707061
S1-167638623	S2-407365915,S3-970761312,S3-880487485
S1-956897563	S3-17951794
S1-729467781	S2-656934262,S2-153218257,S2-902514914,S2-606128538,S3-996144058,S3-433470798
S1-80773469	S2-402517287,S3-771895116,S3-160058942
S1-513599911	S2-922373960,S2-723063286,S3-499529172
S1-533522938	S2-422821371,S3-447923876
S1-581757578	S2-664940580,S2-16870152
S1-657558693	S2-386313355,S3-357397959
S1-402494925	S2-109591901,S3-51033021,S3-593523688,S3-214392429
S1-387016214	S2-162670424,S3-775523582
S1-266555379	S2-433830808,S2-68320231,S3-470118490,S3-975391065
S1-669776689	S2-433721543,S2-866913908,S2-884317867,S3-495575651,S3-282799643
S1-225034106	S2-613540538,S2-63542936,S2-772608387,S3-756899198
S1-751033619	S3-351742826
S1-976424391	S2-514639774,S2-20209720,S3-517296362,S3-937943799,S3-394803110
S1-519677292	
S1-443534708	
S1-382169090	S2-671058356,S2-995829620,S3-435268829,S3-12690867
S1-790517362	
S1-880615423	S2-271944871,S2-193307521,S3-686532744
S1-449179193	
S1-48180936	S2-495786890,S2-562867381
S1-427642601	
S1-912943762	S3-861726710
S1-671491624	S3-252426150,S3-459937581
S1-55716966	S2-67046058
S1-98549181	S2-854294190,S3-3843630,S3-512221858
S1-815606753	S2-53904944,S2-632563639
S1-407721399	
S1-796461188	S2-575081886,S2-767017763,S3-483224574
S1-959883069	S3-508126676,S3-719485234
S1-166391907	S2-901482866,S2-424218928,S3-372514642
S1-726276781	S2-441456867,S2-796924756,S2-608234908,S2-940506859,S3-72081782,S3-354134670
S1-120806394	S2-578210575,S2-768620537,S2-190639422,S3-922028184,S3-692123906
S1-391836868	S2-498420659,S2-910918779,S3-591670552
S1-200079725	S2-419074899,S2-18812099
S1-765276200	S3-288004372
S1-899317092	S2-475389185,S3-751418656
S1-775310986	S2-319689766
S1-305472241	S2-141978126
S1-865063383	S2-516495754
S1-264694687	S2-460722696
S1-526715015	S2-86943486
S1-299047552	
S1-983022047	S3-757450407
S1-864843313	S2-312856786,S2-816159863,S3-137127517
S1-301477237	S2-569926722
S1-673136886	
S1-230813348	S2-499499588,S2-183787221,S2-882766149,S3-584975995,S3-417153361
S1-404917346	S3-688011638,S3-832508168,S3-625114581
S1-672593972	S2-893571566,S2-826253124,S2-854044675,S3-918708483
S1-541465582	S2-211306217,S2-133718208,S3-834913116
S1-703209922	S2-790554646,S2-37389388
S1-985578465	S2-75852998,S3-729038276
S1-602902072	S2-962638527,S2-103356741,S3-222048407,S3-318994445
S1-487057151	S3-302508124
S1-736800651	S2-691762250,S2-101547600,S3-711655000
S1-935703327	S2-221799316
S1-308849584	S2-107792556,S3-911948966
S1-61384671	S3-579622600
S1-852148273	
S1-787461836	S2-615445490,S2-69522069,S2-975763839,S2-419987195,S2-4288004,S3-418609322
S1-629887537	S2-857224554
S1-71595254	S2-47989528
S1-140373393	S2-655282381,S3-758007664
S1-712418507	S2-986645713,S2-231847310
S1-515072958	S2-192790494,S2-10742906,S3-630649001
S1-197280203	S2-104590092,S2-122311937,S2-979801564,S2-56850263,S2-104556272,S2-748925326,S2-674933838,S3-665608156,S3-982991317,S3-735498564,S3-170709433,S3-441998803,S3-817124783,S3-609406969
S1-794806928	S2-441425980,S2-956268185,S2-343281115,S2-718421310,S3-375957899,S3-673397314
S1-195675964	S3-694725841
S1-245620451	S2-521975308,S2-401019933,S3-674696049,S3-499796112,S3-869727643
S1-402387176	
S1-218107486	S2-759808290,S2-896681409
S1-899593553	S3-693414246,S3-934549146
S1-103648967	S3-262863768
S1-186871220	
S1-856200540	S2-210749977,S2-215630566
S1-952064431	
S1-15967051	
S1-499785692	S2-170345449,S2-779912589,S2-585096012,S2-446186460,S2-198866483
S1-954789288	S2-580357277,S3-999412434
S1-543400611	
S1-552047258	S3-496906998,S3-80445728
S1-654184515	
S1-276858394	S3-795106501
S1-533888847	S3-128771145
S1-323057996	S2-658616975,S3-394271549,S3-413041401,S3-310997048
S1-320086079	S2-65208722,S2-500744372
S1-855616906	S2-81359118,S3-898540106
S1-744754397	S2-312033138,S3-723527328,S3-513957230
S1-152508801	S2-735907739,S3-862356466,S3-102852571,S3-532731179
S1-307615125	S2-30419437,S2-47877274,S2-625162201,S3-841161709,S3-92758893,S3-581938595
S1-143536197	S2-895927791,S2-287884254,S3-207182797,S3-635092003
S1-618419675	S3-178206706,S3-911538155
S1-259620026	S2-807337566
S1-584838253	S3-40704067,S3-878153677,S3-113870873
S1-39575732	S2-133583268,S3-597984760
S1-692949559	S3-24622475,S3-535666442
S1-777929094	S2-56758149
S1-31931266	S3-265514246,S3-941946597
S1-337081657	S3-449694576,S3-804153881
S1-478404464	
S1-916370847	S2-551906016
S1-373387246	S2-52734457,S3-110236940,S3-959313455
S1-769814533	S2-809693873,S3-75286254
S1-423303116	S2-679028686,S2-738785346,S2-985128408,S3-143856842,S3-152194898
S1-765122448	S2-291951298,S2-41951784
S1-143143410	S2-9380461,S2-852154557
S1-45193124	
S1-957659829	
S1-783895442	S2-530055302,S3-895172477,S3-890671576,S3-689256824
S1-241194969	S2-173827234
S1-906946241	S2-944245377,S3-763658961
S1-660027440	S3-845975647
S1-461670379	
S1-985740908	S2-351758526,S2-853284230,S2-708828834
S1-870743390	S3-326164527
S1-575174642	S2-92323907,S2-130050780,S2-112719774
S1-828526849	
S1-670774972	S3-504175153
S1-222836798	S2-690569624,S2-965521247,S3-27424026
S1-941927098	S2-342345469,S3-962332856
S1-36050400	S2-135326945,S2-965498856,S3-890622316,S3-362041243
S1-480447397	S3-190677424
S1-810784492	S2-106631099
S1-311974093	S3-871819463
S1-59070872	S3-891118755
S1-226072612	S2-581710799,S3-306917068,S3-731335463
S1-142032781	S2-45993877
S1-45340570	S3-253379044
S1-917054737	S2-713754625,S3-467282938,S3-269961188
S1-740535429	S3-712467869
S1-547382550	S2-872036425,S2-264562735,S2-734070520,S3-417915029
S1-705324532	
S1-754493357	S3-511650093
S1-831250685	S2-797032719,S3-341911790
S1-522913763	S3-628286939,S3-784213896
S1-934216469	
S1-860733442	S2-832502718,S2-223186903,S3-609337518,S3-129419909,S3-493733317
